{"ja_asr.jsut_basic5000": {"audio": {"duration": {"mean": 4.879981962500002, "max": 16.37, "min": 1.44}, "amplitude_max": {"mean": 0.29849571533203123, "max": 0.8353271484375, "min": 0.1644287109375}, "amplitude_min": {"mean": -0.3610068908691406, "max": -0.225921630859375, "min": -0.6043701171875}, "amplitude_mean": {"mean": -0.00011396352991614198, "max": 0.00019071391810659554, "min": -0.0005297069748242696}}, "transcription": {"character_length": {"mean": 29.3598, "max": 97, "min": 5}, "token_length": {"mean": 32.4696, "max": 95, "min": 10}}, "total_data_size": 5000, "total_audio_duration (sec)": 24399.90981250001, "total_transcription_size (character)": 146799}, "common_voice_8_0": {"audio": {"duration": {"mean": 5.179522046248786, "max": 10.496, "min": 1.536}, "amplitude_max": {"mean": 0.54655678999888, "max": 1.8852744102478027, "min": 0.005425442010164261}, "amplitude_min": {"mean": -0.5183554265553395, "max": -0.005679234862327576, "min": -1.8067032098770142}, "amplitude_mean": {"mean": -6.5805537572724295e-06, "max": 0.00045223285987805684, "min": -0.003089697120947141}}, "transcription": {"character_length": {"mean": 23.068480927950034, "max": 75, "min": 2}, "token_length": {"mean": 24.51862592014276, "max": 73, "min": 6}}, "total_data_size": 4483, "total_audio_duration (sec)": 23219.797333333307, "total_transcription_size (character)": 103416}, "reazonspeech.tiny": {"audio": {"duration": {"mean": 4.368224794966054, "max": 21.846, "min": 0.62475}, "amplitude_max": {"mean": 0.2978653368367329, "max": 0.875091552734375, "min": 0.052581787109375}, "amplitude_min": {"mean": -0.26762764702015873, "max": -0.037689208984375, "min": -1.0}, "amplitude_mean": {"mean": -1.568309632903554e-05, "max": 0.006621766625914351, "min": -0.005670445331307011}}, "transcription": {"character_length": {"mean": 16.2460407239819, "max": 101, "min": 2}, "token_length": {"mean": 18.77262443438914, "max": 109, "min": 5}}, "total_data_size": 1768, "total_audio_duration (sec)": 7723.021437499984, "total_transcription_size (character)": 28723}, "reazonspeech.medium": {"audio": {"duration": {"mean": 4.3316768598417354, "max": 29.9851875, "min": 0.436375}, "amplitude_max": {"mean": 0.29831647122190835, "max": 0.999969482421875, "min": 0.00738525390625}, "amplitude_min": {"mean": -0.2633109325608997, "max": -0.006072998046875, "min": -1.0}, "amplitude_mean": {"mean": -1.6099954067700995e-05, "max": 0.04022651740818404, "min": -0.06511519275242081}}, "transcription": {"character_length": {"mean": 16.18561284820376, "max": 137, "min": 1}, "token_length": {"mean": 18.782870339316002, "max": 155, "min": 5}}, "total_data_size": 208714, "total_audio_duration (sec)": 904081.604125008, "total_transcription_size (character)": 3378164}, "reazonspeech.small": {"audio": {"duration": {"mean": 4.313026886961723, "max": 27.7571875, "min": 0.600125}, "amplitude_max": {"mean": 0.29854217821331114, "max": 0.999969482421875, "min": 0.016815185546875}, "amplitude_min": {"mean": -0.2642642752177407, "max": -0.0155029296875, "min": -1.0}, "amplitude_mean": {"mean": -1.6070472414122612e-05, "max": 0.017637597458823123, "min": -0.02156863044171122}}, "transcription": {"character_length": {"mean": 16.179377990430623, "max": 108, "min": 2}, "token_length": {"mean": 18.808516746411485, "max": 127, "min": 5}}, "total_data_size": 20900, "total_audio_duration (sec)": 90142.26193750002, "total_transcription_size (character)": 338149}, "reazonspeech.large": {"audio": {"duration": {"mean": 4.326634442274575, "max": 29.9851875, "min": 0.2466875}, "amplitude_max": {"mean": 0.29846034564000934, "max": 0.999969482421875, "min": 0.002197265625}, "amplitude_min": {"mean": -0.2633612341158663, "max": -0.0010986328125, "min": -1.0}, "amplitude_mean": {"mean": -1.528136229062347e-05, "max": 0.037014078762145956, "min": -0.08783529392968015}}, "transcription": {"character_length": {"mean": 16.167906658752706, "max": 140, "min": 1}, "token_length": {"mean": 18.765798272672964, "max": 165, "min": 5}}, "total_data_size": 1042883, "total_audio_duration (sec)": 4512173.507062635, "total_transcription_size (character)": 16861235}, "ja_asr.reazonspeech_test": {"audio": {"duration": {"mean": 5.87708136994109, "max": 29.728875, "min": 0.620125}, "amplitude_max": {"mean": 0.30622788098926174, "max": 0.999969482421875, "min": 0.02081298828125}, "amplitude_min": {"mean": -0.27089231195002256, "max": -0.01959228515625, "min": -1.0}, "amplitude_mean": {"mean": -1.780218596824547e-05, "max": 0.004006476882083519, "min": -0.022932412067465924}}, "transcription": {"character_length": {"mean": 24.830704921147635, "max": 169, "min": 1}, "token_length": {"mean": 26.741972259167774, "max": 149, "min": 5}}, "total_data_size": 5263, "total_audio_duration (sec)": 30931.079249999955, "total_transcription_size (character)": 130684}}