{"kotoba-tech/kotoba-whisper-v1.0": [30.73491096496582, 30.12958812713623, 30.72268557548523, 30.752662420272827, 30.3137366771698, 30.045624494552612, 30.67164421081543, 30.51932144165039, 30.80328917503357, 30.587903261184692], "avg.kotoba-tech/kotoba-whisper-v1.0": 30.52813663482666, "std.kotoba-tech/kotoba-whisper-v1.0": 0.2725590791387979, "openai/whisper-large-v3": [232.29608058929443, 218.8950297832489, 228.85047698020935, 226.93298816680908, 226.97059416770935, 224.46504282951355, 217.70231103897095, 220.13351917266846, 219.3192262649536, 224.01312112808228], "avg.openai/whisper-large-v3": 223.957839012146, "std.openai/whisper-large-v3": 4.859795546618544, "openai/whisper-medium": [175.91126489639282, 173.8664035797119, 180.71284103393555, 175.6868679523468, 181.48825669288635, 180.4617166519165, 181.9619061946869, 174.90591597557068, 181.64268970489502, 175.91830325126648], "avg.openai/whisper-medium": 178.2556165933609, "std.openai/whisper-medium": 3.24220109616021, "openai/whisper-small": [108.25872111320496, 111.17142724990845, 111.67926549911499, 109.82020020484924, 109.17634701728821, 107.4811041355133, 110.77476382255554, 111.66941571235657, 110.06388235092163, 108.01336812973022], "avg.openai/whisper-small": 109.8108495235443, "std.openai/whisper-small": 1.5369526514444531, "openai/whisper-tiny": [73.64435696601868, 76.93307137489319, 75.45113134384155, 76.35671925544739, 75.97626042366028, 77.0949068069458, 77.2544002532959, 76.00121760368347, 73.6749198436737, 73.8084557056427], "avg.openai/whisper-tiny": 75.61954395771026, "std.openai/whisper-tiny": 1.4291599634767256}