{"wer": 128.70303728228012, "wer_ortho": 112.47775800711743}