{"wer": 87.8940549877645, "wer_ortho": 106.04982206405693}