{"wer": 113.02802460697197, "wer_ortho": 100.36101083032491}