{"wer": 80.42320426083201, "wer_ortho": 100.11120996441281}