{"wer": 83.38851302720599, "wer_ortho": 100.37811387900355}