{"wer": 99.04002603319232, "wer_ortho": 102.71999999999998}