{"wer": 111.94805194805195, "wer_ortho": 109.15827474824245}