{"wer": 93.60875197927163, "wer_ortho": 102.20195729537367}