{"wer": 71.72932330827068, "wer_ortho": 93.40680220406612}