{"wer": 81.09975529005327, "wer_ortho": 105.33807829181494}