{"wer": 73.93119332085793, "wer_ortho": 101.80160142348755}