{"wer": 89.67621217051742, "wer_ortho": 104.67999999999999}