{"wer": 101.57826228441263, "wer_ortho": 106.16000000000001}