{"wer": 77.00615174299385, "wer_ortho": 94.47083412502376}