{"wer": 123.48598769651402, "wer_ortho": 113.33840015200455}