{"wer": 293.5338345864662, "wer_ortho": 109.23427702831086}