{"wer": 93.94395078605605, "wer_ortho": 98.13794413832414}