{"wer": 105.57074996401323, "wer_ortho": 100.02224199288257}