{"wer": 79.80861244019138, "wer_ortho": 95.93387801634049}