{"wer": 102.0257077774162, "wer_ortho": 100.05999999999999}